Sub,MIP_Con,Pic_Con,Avg_Pic_Rate,STAI1_pos,STAI1_neg,mood1_happy,mood1_sad,mood1_inspired,mood1_angry,STAI2_pos,STAI2_neg,mood2_happy,mood2_sad,mood2_inspired,mood2_angry,Age,"Gender (1=M,2=F)"
1,Neg,Anim,5.233333333,2,1.333333333,0,80,9,0,2,1.333333333,15,59,0,0,30,1
2,Neg,Nat,5.533333333,1,2.333333333,1,99,15,41,3,1,53,0,33,3,24,1
3,Neut,Urb,4.266666667,2.666666667,1.666666667,27,22,18,10,3,1,50,16,35,11,30,1
4,Neg,Urb,4.066666667,1.666666667,2,0,100,0,85,3,3,37,0,21,0,25,1
5,Neut,Anim,6.1,4,1,81,0,50,0,4,1,94,0,51,0,59,2
6,Neg,Urb,5.466666667,2,3.333333333,22,96,23,31,2.666666667,1,53,25,45,4,26,2
7,Neut,Nat,5.2,2.666666667,1,80,0,60,0,3,1,87,0,58,0,19,2
8,Neg,Nat,6.966666667,1.333333333,2.666666667,0,91,20,10,3.333333333,1,71,0,71,0,33,1
9,Neut,Urb,4.8,3.333333333,1,70,0,0,0,3.333333333,1,70,0,0,0,56,1
10,Neut,Anim,6.3,3.333333333,1.333333333,80,0,23,0,4,1,80,0,21,0,30,1
11,Neut,Nat,5,2.666666667,1,50,0,0,0,2,1,52,0,0,0,35,2
12,Neg,Anim,4.666666667,3.666666667,1,72,4,58,2,3.666666667,1,75,1,62,0,45,2
13,Neg,Urb,4.433333333,3,1,45,36,34,13,3.333333333,1.666666667,55,18,48,1,24,1
14,Neg,Urb,4.933333333,2.333333333,2.333333333,3,90,29,9,3.333333333,1,70,9,80,0,29,1
15,Neg,Anim,5.333333333,1.333333333,2,0,56,0,0,2.333333333,1,55,0,0,0,27,1
16,Neut,Nat,6.2,4,1,90,0,90,0,4,1,91,0,90,0,20,1
17,Neg,Nat,5.133333333,2.333333333,1.666666667,31,89,64,0,4,1,71,17,79,0,29,1
18,Neg,Nat,5.933333333,4,1,45,38,100,0,4,1,55,8,100,0,33,1
19,Neut,Urb,4.133333333,2.333333333,1,0,0,0,0,1.666666667,1,23,0,40,0,24,1
20,Neg,Anim,5.6,2,1,0,63,0,0,2.333333333,1,0,50,0,0,25,1
21,Neut,Urb,4.266666667,3,1,76,0,66,0,3,1,71,0,51,0,37,1
22,Neg,Nat,5.5,1,2,0,100,0,0,3.333333333,1,81,0,80,0,56,2
23,Neut,Anim,6.733333333,4,1.666666667,91,0,80,0,4,1,99,0,80,0,45,2
24,Neut,Anim,5.633333333,3.333333333,1,87,0,59,0,3,1,79,0,60,0,49,2
25,Neg,Nat,5.066666667,2.333333333,2.666666667,20,62,10,79,3.666666667,1,40,0,60,0,40,2
26,Neg,Urb,6.566666667,1.333333333,3,13,93,18,45,3.333333333,1.333333333,80,14,87,23,25,1
27,Neg,Nat,6.2,2.666666667,1,18,60,0,0,2.666666667,1,60,20,39,0,36,2
28,Neut,Urb,6.466666667,3,1,78,0,72,0,3,1,77,0,75,0,55,1
29,Neut,Anim,3.7,3.333333333,1,41,8,30,10,3.666666667,1,58,4,43,5,32,1
30,Neut,Urb,4.533333333,3,1.666666667,28,5,23,3,3.666666667,1,60,12,54,11,29,1
31,Neg,Urb,3.4,2,3.666666667,10,84,7,30,3,2,50,41,69,23,42,2
32,Neut,Nat,4.733333333,2,1.333333333,18,9,40,0,2.333333333,1,41,0,51,0,36,2
33,Neut,Urb,5.1,3,1.333333333,57,0,60,0,3,1.666666667,50,0,51,0,35,2
34,Neut,Urb,5.433333333,4,1,40,0,71,0,4,1,34,0,39,0,33,1
35,Neut,Nat,4.7,2,1,0,0,0,0,2,1,0,0,0,0,38,1
36,Neut,Nat,5.366666667,2.333333333,1,50,0,49,0,3,1,91,0,90,0,38,2
37,Neg,Urb,5.933333333,2,2.666666667,1,93,8,2,3.333333333,2,60,24,56,1,28,1
38,Neg,Anim,4.833333333,2.333333333,1,0,0,0,0,2.333333333,1,0,0,0,0,40,1
39,Neut,Nat,6.2,2.333333333,1,65,0,50,0,2.333333333,1,50,0,60,0,51,2
40,Neg,Anim,6.933333333,4,1,0,100,100,0,4,1,100,0,0,0,33,2
41,Neut,Anim,5.9,3.333333333,3,59,40,40,99,3,2,61,79,29,19,69,1
42,Neut,Anim,4.8,3,1,65,0,71,0,3,1.666666667,71,0,64,0,35,1
43,Neut,Anim,5.6,3,1,80,0,100,0,4,1,93,0,89,0,28,1
44,Neut,Anim,5.566666667,2,2.666666667,45,20,10,2,2,2.333333333,56,14,11,4,39,2
45,Neg,Urb,5.8,2,1,0,91,29,9,2.333333333,1,29,0,19,0,41,1
46,Neg,Urb,4.6,2.333333333,3,5,90,50,9,3.666666667,1.666666667,63,22,81,11,30,1
47,Neut,Nat,5.833333333,3.333333333,1,80,0,64,0,3.666666667,1,88,0,79,0,26,2
48,Neg,Urb,4.133333333,2,2,11,80,19,16,1.666666667,1,51,11,7,14,32,1
49,Neut,Urb,5.4,4,1,100,0,89,0,4,1,100,0,100,0,26,1
50,Neg,Urb,5.333333333,3,2.333333333,48,25,59,7,2.666666667,1,64,12,73,11,34,2
51,Neg,Urb,4.2,3,1.333333333,40,37,30,1,3.333333333,1.333333333,61,0,19,0,27,1
52,Neg,Nat,5.4,1.333333333,3,0,100,0,6,4,1,96,0,97,0,28,1
53,Neut,Urb,5.966666667,3,1,20,0,0,0,3,1,31,0,15,0,34,2
54,Neut,Anim,6.6,4,1,92,4,82,0,4,1,100,0,53,0,32,2
55,Neg,Anim,5.966666667,1.666666667,2,0,88,0,0,3,1,63,5,1,0,43,1
56,Neut,Nat,6.4,2.666666667,1,72,0,86,0,3,1,85,0,88,0,35,1
57,Neut,Urb,5.766666667,2,1,0,0,0,0,2,1,10,0,0,0,37,2
58,Neg,Nat,5.9,2.333333333,2,8,50,0,0,3,1.333333333,60,9,19,0,45,2
59,Neg,Anim,5.5,4,1.666666667,19,29,9,1,4,1,52,10,4,5,42,2
60,Neut,Urb,5.466666667,4,1,70,0,52,0,4,1,82,0,60,0,25,1
61,Neg,Nat,5.7,1.333333333,2.333333333,0,80,0,39,2.333333333,2,29,70,29,0,36,2
62,Neut,Anim,6.6,3.666666667,2,85,0,90,0,3.666666667,1.666666667,100,0,90,0,53,2
63,Neut,Urb,5.7,3,1,55,9,78,2,3,1,47,19,69,1,26,2
64,Neg,Anim,5.766666667,2.333333333,3.666666667,1,100,2,5,2,2.666666667,35,58,5,9,46,2
65,Neg,Anim,6.966666667,2,1.666666667,0,100,0,0,3,1,60,1,1,1,36,2
66,Neut,Anim,6.966666667,2.666666667,1,60,0,79,0,2.666666667,1,100,0,92,0,36,2
67,Neut,Anim,4.3,3,1,92,0,41,0,3,1,90,0,50,0,42,2
68,Neut,Anim,5.666666667,3.666666667,1.666666667,51,29,34,6,3.666666667,1.666666667,46,6,53,3,29,2
69,Neg,Anim,5.866666667,1.666666667,2.666666667,20,65,0,0,3.333333333,1,70,9,0,0,29,1
70,Neut,Urb,4.6,3,1,7,0,24,0,3,1,40,0,40,0,35,2
71,Neut,Anim,5,2,1,52,44,54,47,2,1,72,29,67,30,33,1
72,Neut,Nat,5.066666667,3,1.333333333,49,0,19,0,3,1,39,0,10,0,28,2
73,Neg,Anim,5.366666667,2,1.666666667,7,100,9,100,3,1,67,2,38,3,40,2
74,Neut,Anim,5.466666667,2.666666667,1,30,0,9,0,3,1,80,0,70,0,36,2
75,Neut,Nat,4.133333333,3,1,56,24,57,20,3,1,70,18,69,16,28,2
76,Neg,Anim,5.433333333,1.666666667,3.333333333,0,100,4,25,2,2.333333333,15,91,13,0,34,1
77,Neut,Urb,5.166666667,2.333333333,1,9,0,5,0,2.666666667,1,12,0,0,0,23,2
78,Neut,Nat,2.033333333,2.666666667,2.333333333,51,80,36,54,2.666666667,1.333333333,59,84,38,26,30,2
79,Neg,Urb,5.466666667,1.333333333,2.666666667,2,100,4,60,3.333333333,1.666666667,81,29,81,39,46,2
80,Neg,Urb,5.6,1.666666667,1.333333333,19,80,50,0,3.333333333,1,50,49,70,0,57,2
81,Neut,Nat,5.933333333,3,1.666666667,56,47,80,1,2.666666667,2.333333333,58,54,70,11,31,2
82,Neut,Anim,4.033333333,3.666666667,1,80,0,41,0,3.666666667,1,80,0,29,0,43,1
83,Neg,Anim,6.966666667,1.333333333,3,4,97,10,2,2.333333333,2,49,37,19,8,27,2
84,Neut,Nat,5.266666667,4,1,70,0,7,0,4,1,81,0,4,0,24,2
85,Neut,Urb,5.866666667,3.333333333,1,80,0,50,0,3.666666667,1,80,0,70,0,30,1
86,Neut,Nat,6.466666667,4,1,80,0,90,0,4,1,91,0,100,0,28,1
87,Neg,Nat,5.933333333,2,1.333333333,40,87,38,12,2,1,30,50,60,9,63,2
88,Neut,Anim,5.7,2.666666667,1.333333333,40,0,20,0,3.333333333,1,80,0,25,0,30,1
89,Neg,Nat,6.4,2,3.333333333,4,90,8,4,2.666666667,1.666666667,55,36,45,0,48,1
90,Neg,Nat,5.433333333,4,1,1,100,1,1,4,1,100,0,70,0,61,2
91,Neut,Anim,4.166666667,3.333333333,1.333333333,90,4,20,6,4,1,100,4,100,8,29,1
92,Neg,Nat,7,1.666666667,1.333333333,0,72,0,26,3,1,80,0,0,0,25,1
93,Neg,Nat,6.033333333,3,1,10,100,0,10,4,1,100,0,100,0,44,2
94,Neg,Anim,7,3,1.333333333,0,90,9,0,4,1,90,0,50,0,60,2
95,Neg,Nat,7,2.666666667,1.666666667,10,80,30,10,4,1,60,0,90,0,47,1
96,Neg,Urb,4.166666667,2,2,9,100,29,79,2,1.666666667,49,30,50,0,41,2
97,Neg,Anim,6.6,4,1,92,60,20,0,4,1,100,0,91,0,67,2
98,Neut,Urb,5.9,3,1,83,6,81,2,3,1,79,6,83,3,34,2
99,Neut,Nat,5.7,3,1,81,3,81,3,3,1,85,5,84,2,33,2
100,Neut,Anim,4.733333333,4,1,75,1,50,1,4,1,80,1,80,1,44,2
101,Neg,Anim,6.866666667,3,1.333333333,0,50,0,0,3.666666667,1,70,0,0,0,28,1
102,Neut,Urb,5.933333333,4,1,80,0,80,0,4,1,90,0,90,0,35,1
103,Neut,Urb,4.933333333,4,1,82,1,65,1,4,1,86,1,71,1,33,1
104,Neg,Anim,4.6,2.333333333,1.333333333,0,10,40,0,2.666666667,1.333333333,39,10,30,0,54,2
105,Neg,Anim,7,2.333333333,2,50,80,0,20,3,1,50,9,9,0,61,2
106,Neut,Anim,7,4,1,100,0,100,0,4,1,100,0,100,0,27,1
107,Neg,Anim,5.733333333,1,3.666666667,5,100,19,14,3,2,60,40,30,0,48,2
108,Neg,Anim,5.966666667,2,2.333333333,0,100,0,50,2.666666667,1.333333333,41,20,24,4,28,2
109,Neg,Anim,5.8,2,3.333333333,0,92,0,12,3,1.666666667,67,19,52,0,40,2
110,Neut,Urb,6.666666667,4,1,70,0,18,0,4,1,91,0,29,0,32,1
111,Neut,Anim,6.733333333,4,1,100,0,100,0,4,1,100,0,100,0,37,2
112,Neg,Nat,5.633333333,1.333333333,3,10,80,0,0,2,2.333333333,50,30,19,0,26,3
113,Neg,Nat,6.866666667,2,3,0,100,0,0,4,1,100,0,100,0,28,2
114,Neut,Anim,6.566666667,3.333333333,1,80,0,69,0,4,1,83,0,79,0,35,1
115,Neg,Anim,7,2.333333333,1,71,8,50,9,3,1,81,0,20,0,45,2
116,Neut,Anim,6.5,3.333333333,1,33,0,90,0,4,1,81,0,0,0,27,2
117,Neut,Anim,6.7,3.666666667,1.666666667,70,6,61,3,4,1,92,10,71,8,29,2
118,Neg,Urb,6.3,2,2.333333333,0,91,8,1,4,1,49,1,20,0,66,2
119,Neg,Urb,7,2.666666667,1.666666667,30,70,13,18,2.666666667,1,49,44,9,12,36,1
120,Neg,Nat,5.966666667,2,3,0,95,0,10,3,1,70,0,90,0,33,1
121,Neg,Urb,5.966666667,1,4,0,100,0,0,4,1,71,0,50,0,25,2
122,Neg,Anim,6.866666667,1,2.666666667,0,100,0,0,4,1,51,0,0,0,38,2
123,Neg,Nat,4.833333333,3,2,42,62,60,20,3.333333333,1,83,2,74,7,43,2
124,Neg,Urb,5,2,3,10,71,59,2,2.666666667,1,70,4,59,9,40,2
125,Neg,Nat,6.7,1.666666667,2.666666667,0,100,0,0,3,2,59,39,59,0,29,1
126,Neg,Nat,6.966666667,4,1,6,82,43,31,4,1,100,0,100,0,34,1
127,Neut,Urb,4.966666667,3,2,65,35,40,0,3,2,70,29,60,0,38,2
128,Neg,Anim,5.833333333,1.333333333,2,1,91,1,1,2,1.666666667,30,15,9,0,61,1
129,Neut,Nat,5.366666667,3,2,85,8,73,9,4,2,92,8,92,8,28,2
130,Neg,Nat,5.633333333,1.333333333,1.666666667,7,31,9,0,2,1,23,4,28,0,34,1
131,Neg,Urb,4.033333333,2,2,3,74,35,23,3,1,58,25,37,12,52,1
132,Neg,Urb,5.466666667,1,1.666666667,0,23,15,0,3,1,32,4,60,0,22,1
133,Neg,Nat,6.033333333,2.666666667,1,18,50,2,0,3,1,29,0,50,0,58,2
134,Neg,Urb,3.9,3,1.666666667,10,68,22,20,3,1,50,4,20,2,37,2
135,Neut,Nat,6.166666667,4,1,70,1,90,1,4,1,70,0,90,0,61,1
136,Neg,Anim,5.7,1.333333333,3.666666667,0,100,2,84,3,1,74,14,55,10,37,1
137,Neg,Urb,5.166666667,2.666666667,2.333333333,0,90,11,20,2.666666667,2,0,40,0,5,40,1
138,Neg,Urb,3.7,2.333333333,1.666666667,0,80,62,11,2.333333333,1.666666667,41,19,19,0,34,2
139,Neg,Urb,5.266666667,2,3,0,87,2,10,2.666666667,1.333333333,67,2,30,2,42,1
140,Neg,Anim,6.333333333,1,3.333333333,1,100,1,57,3,1,94,2,1,1,35,2
141,Neg,Urb,4.2,1.333333333,2.666666667,27,83,19,38,3,1.333333333,60,12,37,18,38,2
142,Neut,Anim,5.566666667,1.333333333,1.666666667,8,86,28,19,1.333333333,1.333333333,17,34,20,13,28,1
143,Neut,Nat,7,3,1,71,0,18,0,4,1,86,0,92,0,60,2
144,Neut,Nat,6.066666667,4,1,13,0,100,0,4,1,100,0,100,0,56,2
145,Neg,Anim,6.933333333,1.333333333,2,0,90,0,50,2.333333333,1,66,19,50,0,55,2
146,Neut,Anim,4.433333333,3,1,29,0,54,0,3.333333333,1,24,0,40,0,49,1
147,Neut,Anim,6.233333333,1.666666667,2.666666667,10,0,75,0,3,1,100,0,100,0,29,2
148,Neg,Nat,6.133333333,1.333333333,2.666666667,0,90,8,0,2.666666667,2,45,10,60,0,47,2
149,Neut,Urb,4.633333333,3.333333333,1,90,0,60,0,3.666666667,1,89,0,60,0,52,2
150,Neut,Urb,4.6,3.666666667,1,86,7,86,14,4,1,90,5,87,8,51,1
151,Neg,Anim,6.7,1.666666667,3.666666667,49,100,99,18,3,1,89,19,90,2,59,2
152,Neut,Nat,5.433333333,3.333333333,1.333333333,26,11,35,13,3.666666667,1,32,4,35,9,28,1
153,Neg,Nat,6.6,1,3,3,100,8,17,4,1,80,19,49,0,37,2
154,Neg,Urb,4.266666667,3,1.666666667,9,70,29,50,3,1.333333333,60,9,49,9,30,2
155,Neut,Urb,5.833333333,3.666666667,1,76,0,75,0,3.666666667,1,70,0,70,0,37,2
156,Neut,Anim,6.133333333,2.333333333,1,66,0,65,0,3.333333333,1,89,0,73,0,51,1
157,Neut,Nat,5.166666667,4,1,90,11,76,5,4,1,81,3,86,3,40,1
158,Neut,Anim,7,2.333333333,1.333333333,33,0,0,0,2.333333333,1.333333333,12,0,0,0,28,2
159,Neg,Nat,6.366666667,1.666666667,3.333333333,16,83,40,16,3.333333333,1.333333333,100,11,80,32,31,1
160,Neg,Urb,7,2.333333333,3.333333333,6,97,39,91,2.666666667,2,9,81,50,50,60,1
161,Neut,Urb,4.766666667,3.333333333,1,92,0,75,0,4,1,98,0,93,0,23,2
162,Neg,Nat,5.333333333,2.333333333,2.666666667,20,60,26,70,3,1,88,7,92,9,29,2
163,Neut,Anim,5.166666667,3,1,71,3,68,1,3,1,60,0,49,0,42,1
164,Neut,Anim,4.966666667,2,1,27,0,40,0,2,1,34,0,25,0,25,1
165,Neg,Anim,7,1,3,26,100,77,4,4,1,100,0,100,0,33,2
166,Neg,Anim,6.066666667,1,2,0,81,0,0,3.333333333,1,51,0,51,0,19,1
167,Neut,Urb,5.033333333,2.666666667,1.333333333,60,10,80,0,3,1.333333333,80,4,90,0,35,2
168,Neut,Anim,4.633333333,1,3.666666667,9,80,29,41,2,2.666666667,19,29,32,41,43,2
169,Neg,Anim,7,2,2.333333333,0,100,0,2,2.333333333,2,1,70,11,0,35,2
170,Neg,Urb,5.066666667,1.333333333,2,20,18,9,0,2.666666667,1,51,8,80,0,46,1
171,Neut,Nat,6.3,3,1,72,3,51,2,3,1,68,0,67,0,43,1
172,Neut,Urb,4.5,2.666666667,1,75,5,40,0,2.333333333,1,69,1,55,0,27,2
173,Neg,Urb,3.333333333,1,3.333333333,0,89,0,19,2,2,9,50,30,2,35,2
174,Neg,Anim,4.966666667,1.666666667,2,75,79,73,72,2.666666667,1.666666667,61,25,76,1,33,2
175,Neg,Nat,4.766666667,1,3,10,92,3,48,2.666666667,1.666666667,64,18,46,8,30,2
176,Neut,Anim,6.666666667,2.333333333,1.333333333,91,11,92,11,3,1,88,8,88,5,39,1
177,Neut,Urb,3.666666667,3,1.333333333,48,45,53,30,3,1.333333333,61,45,65,25,31,2
178,Neut,Nat,6.766666667,2,2.333333333,43,33,47,30,3,1,78,20,54,9,30,2
179,Neut,Anim,4.666666667,4,1,71,0,49,0,4,1,80,0,50,0,30,1
180,Neut,Nat,7,4,1,50,0,51,0,4,1,50,0,50,0,63,1
181,Neut,Nat,6.433333333,3,1,80,0,80,0,3,1,80,0,80,0,63,2
182,Neut,Urb,5.033333333,2.333333333,1,60,0,40,0,3,1,60,0,50,0,45,1
183,Neg,Urb,6.7,2.333333333,1.666666667,20,79,60,84,3,1,67,22,63,11,53,2
184,Neut,Urb,5.166666667,3.333333333,1,60,60,49,0,3,1,70,0,50,0,47,1
185,Neg,Urb,5.533333333,1.666666667,2.666666667,0,61,0,0,3.666666667,1,77,3,52,0,30,2
186,Neg,Nat,6.8,1,1.666666667,0,69,0,60,4,1,87,0,97,0,35,1
187,Neut,Urb,5.3,2.333333333,1,28,0,30,0,2.666666667,1,29,0,27,0,25,1
188,Neg,Urb,4.866666667,1,3,9,40,9,19,3,1,70,10,70,9,37,1
189,Neut,Nat,4.633333333,2.666666667,1,76,0,37,0,3.333333333,1,77,1,30,0,58,1
190,Neg,Urb,4.9,1.666666667,1,0,0,3,0,2.333333333,1,0,0,0,0,31,1
191,Neg,Nat,5.466666667,2,3,24,63,60,44,3,1.333333333,73,21,75,20,50,1
192,Neut,Urb,3.033333333,4,1,100,0,100,0,4,1,100,0,70,0,35,2
193,Neut,Anim,5.866666667,4,1,100,0,100,0,4,1,100,1,100,1,35,2
194,Neut,Nat,5.166666667,3,1,71,1,30,1,3.333333333,1,81,20,50,0,32,1
195,Neg,Urb,3.7,1.666666667,1,0,0,21,0,2,1,0,0,10,0,33,1
196,Neut,Urb,4.366666667,3.666666667,1,68,0,24,0,3.666666667,1,61,0,20,69,33,1
197,Neg,Urb,5.8,3,2.333333333,9,81,9,19,4,1,81,5,70,0,48,1
198,Neg,Urb,6.1,1,2.333333333,0,82,0,8,2.333333333,1.666666667,5,49,27,10,31,2
199,Neut,Urb,5.1,3,1,80,0,80,0,3,1,81,0,71,0,64,1
200,Neut,Anim,4.133333333,3,1,31,1,53,0,3,1,55,0,36,0,37,1
201,Neg,Anim,6.366666667,3.333333333,1.333333333,0,44,19,7,3.666666667,1,63,15,70,5,30,1
202,Neut,Urb,6.433333333,3.333333333,1,85,0,60,0,4,1,91,0,86,0,41,2
203,Neg,Urb,5.366666667,1,3.666666667,0,100,0,0,3,1.666666667,29,49,80,0,25,2
204,Neut,Anim,5.233333333,3.666666667,1,70,0,20,0,3.666666667,1,71,0,11,0,53,2
205,Neut,Nat,5.1,3,1,54,11,1,0,3,1,67,0,69,0,54,2
206,Neut,Urb,5.133333333,3,1,0,0,1,0,2.333333333,1,0,0,2,0,36,2
207,Neg,Nat,5.033333333,2,3,1,85,3,90,2.666666667,2,62,5,75,13,27,1
208,Neut,Nat,5.033333333,2.666666667,2,66,24,54,23,3,1.666666667,85,7,82,8,30,1
209,Neut,Urb,5.066666667,3.333333333,1.333333333,29,4,20,5,3.333333333,1,70,9,29,10,32,2
210,Neg,Urb,7,3.333333333,1.666666667,50,10,9,0,3,2.333333333,49,45,43,46,35,1
211,Neg,Anim,5.7,2,2,0,88,12,0,4,1,81,0,19,0,37,2
212,Neg,Anim,6.133333333,3.333333333,1,61,8,23,0,4,1,70,0,29,0,53,2
213,Neg,Nat,5.633333333,1.333333333,2.666666667,16,88,39,49,4,1,91,10,83,8,30,1
214,Neg,Anim,6.333333333,1.666666667,3,15,76,2,52,3,1,81,7,78,0,45,1
215,Neg,Nat,6.133333333,1,2.333333333,8,91,0,69,3,2,61,8,0,0,41,1
216,Neut,Anim,5.8,4,1,90,5,80,0,4,1,100,0,90,0,55,2
217,Neg,Nat,6.166666667,1,2.333333333,12,71,15,20,2,2.333333333,10,33,43,4,50,1
218,Neut,Anim,5.3,3.333333333,1,80,10,70,0,4,1,96,0,40,0,43,1
219,Neut,Nat,6.3,3.666666667,1,81,8,71,7,3.666666667,1,80,0,82,0,37,1
220,Neg,Anim,6.966666667,1.666666667,3.666666667,4,93,67,24,4,1,86,4,87,1,32,2
221,Neut,Anim,6.3,3,1.333333333,76,8,37,9,2.333333333,1.333333333,69,0,51,0,47,1
222,Neg,Nat,6.3,3,1,60,39,60,40,3,1,80,0,50,0,34,1
223,Neg,Nat,6.3,2.666666667,2,23,69,58,45,2.666666667,1.666666667,60,48,37,33,34,1
224,Neut,Anim,7,3,1,14,0,41,1,3,1,92,0,75,0,56,2
225,Neut,Urb,6.7,4,1,49,0,49,0,4,1,90,0,82,0,38,2
226,Neut,Urb,5.866666667,4,1,94,3,74,4,4,1,97,1,73,0,25,1
227,Neg,Urb,2.4,2.333333333,2,0,19,0,0,2,2,0,0,0,0,30,2
228,Neut,Nat,5.633333333,2.666666667,3.333333333,79,9,64,10,3.666666667,1,89,2,65,2,26,2
229,Neut,Urb,3.433333333,4,1,50,1,30,1,4,1,48,0,29,3,21,1
230,Neg,Nat,6.266666667,1,1.666666667,0,50,0,0,2.333333333,1,29,0,19,0,48,2
231,Neg,Nat,3.866666667,1.333333333,1.666666667,0,91,0,0,2,1,0,59,0,1,60,1
232,Neut,Anim,6.233333333,3.666666667,1,84,0,30,0,4,1,82,0,44,0,39,2
233,Neg,Anim,4.4,2.666666667,2.333333333,22,62,36,8,2.666666667,1.666666667,40,13,14,11,39,1
234,Neut,Nat,5.766666667,3,1,61,32,76,19,3.333333333,1,84,18,64,0,34,1
235,Neut,Nat,5.2,2,1.666666667,41,1,59,1,4,1,99,0,95,0,58,2
236,Neg,Nat,4.333333333,1.333333333,3,6,99,5,8,2.666666667,1,81,9,40,0,33,2
237,Neut,Urb,6.266666667,2.333333333,1,19,0,10,0,3,1,61,0,61,0,37,2
238,Neut,Urb,6.166666667,3.333333333,1,46,2,46,0,3.333333333,1,60,0,53,0,31,1
239,Neg,Nat,6.2,2.666666667,1.666666667,70,60,70,0,3,1,70,19,71,0,42,2
240,Neut,Anim,6,2.666666667,2,28,9,29,54,2.666666667,2.333333333,28,14,32,16,35,1
241,Neut,Nat,5.1,4,1,51,0,33,0,4,1,62,0,61,0,25,1
242,Neg,Anim,5.666666667,2.666666667,2,0,100,0,49,3,2,39,69,0,19,34,2
243,Neg,Urb,5.3,2.333333333,1.666666667,0,70,19,0,2,1.666666667,0,4,0,0,62,1
244,Neg,Urb,4.733333333,2,3,0,81,0,18,3,1,69,0,21,0,45,2
245,Neg,Urb,5.066666667,1.666666667,2,26,96,37,64,3.333333333,1,100,0,95,0,64,2
246,Neg,Urb,5.266666667,1,3,11,83,11,0,3,1,40,0,49,0,59,1
247,Neut,Nat,5.466666667,3,1,50,9,50,9,3,1,50,9,51,9,40,2
248,Neg,Nat,5.266666667,4,1.666666667,100,0,100,0,4,1,100,0,100,0,35,2
249,Neg,Anim,6.533333333,2.666666667,1.333333333,8,54,9,0,3.666666667,1,64,7,47,0,35,1
250,Neg,Nat,5.7,2.333333333,1.333333333,34,60,42,8,3,1,36,11,31,0,25,1
251,Neg,Anim,4.4,2.333333333,2,0,100,0,0,3,2,30,29,0,0,27,1
252,Neut,Urb,4.433333333,3.666666667,1,68,15,87,12,3.666666667,1,79,5,88,4,48,1
253,Neut,Nat,6.6,3.333333333,1,0,0,30,0,3.666666667,1,10,0,19,0,40,2
254,Neut,Nat,5.7,3.333333333,1,60,8,72,3,3,1,92,3,91,2,23,2
255,Neut,Nat,4.733333333,2,1.333333333,4,2,7,1,2,3,38,1,22,1,20,1
256,Neg,Nat,5.1,1,2.333333333,0,100,50,0,3,1,50,19,49,0,27,2
257,Neut,Anim,5.8,3,1,77,0,70,0,3,1,74,0,73,0,37,1
258,Neut,Anim,5.866666667,3.666666667,1.333333333,41,5,56,2,4,1.333333333,76,14,77,12,33,1
259,Neg,Urb,5.433333333,1.333333333,3.333333333,8,94,3,4,2.666666667,1.666666667,61,24,85,1,40,2
260,Neut,Nat,3.9,2.333333333,1.333333333,61,3,51,9,2,1.333333333,61,0,19,0,61,2
261,Neg,Urb,5.733333333,1.666666667,2.666666667,0,8,0,0,2.333333333,2.333333333,10,34,60,0,23,2
262,Neut,Urb,5.466666667,2.666666667,1.333333333,64,0,73,0,3.666666667,1.666666667,70,1,75,0,51,1
263,Neg,Nat,6.566666667,2,2,9,80,10,27,3.666666667,1,81,9,26,0,39,2
264,Neg,Anim,5.6,1.333333333,1.666666667,29,59,10,11,2.333333333,1,50,7,29,0,38,1
265,Neut,Anim,5.5,3,1.333333333,66,12,51,9,3.666666667,1.333333333,82,3,56,3,39,1
266,Neut,Nat,6.166666667,3.666666667,1,50,0,60,0,3.666666667,1,71,0,70,0,30,2
267,Neg,Nat,6.2,3.333333333,1.333333333,11,26,8,4,4,1,20,12,17,3,33,1
268,Neut,Nat,6.2,4,1,81,0,83,0,4,1,96,0,100,0,38,2
269,Neg,Anim,7,1.333333333,1.666666667,1,61,0,1,2.666666667,1,28,4,14,0,45,1
270,Neg,Nat,5.066666667,2,3.333333333,9,81,49,61,2.666666667,2,19,90,29,11,54,2
271,Neut,Nat,7,2,1,49,0,10,0,2,1,49,0,8,0,35,2
272,Neut,Anim,5.366666667,3.666666667,1,24,9,51,9,4,1,87,5,69,11,22,2
273,Neut,Nat,5.633333333,4,1,70,0,60,0,4,1,81,0,80,0,26,1
274,Neut,Urb,3.866666667,3.666666667,1,60,40,70,19,2.333333333,2,30,60,30,40,37,1
275,Neg,Urb,5.066666667,1.666666667,2.333333333,16,84,71,18,3,1,69,18,67,18,45,2
276,Neg,Urb,4.3,2.333333333,1.666666667,80,19,9,0,2.333333333,1.666666667,75,9,0,0,66,2
277,Neg,Anim,6.433333333,2.333333333,2.333333333,70,98,88,59,3,1,99,2,80,9,39,2
278,Neg,Nat,6.333333333,2.666666667,1.666666667,1,65,0,1,2.666666667,1.333333333,40,20,9,0,43,2
279,Neut,Anim,6.8,4,1.333333333,31,3,50,0,4,1,55,0,55,0,40,2
280,Neg,Anim,5.933333333,3,1,0,45,6,0,3,1,75,9,1,1,20,1
281,Neg,Nat,6,2,2.666666667,40,70,67,75,2.666666667,1.666666667,55,27,69,37,49,1
282,Neut,Urb,6.166666667,4,1,82,0,0,0,4,1,100,0,0,0,40,2
283,Neg,Anim,6.5,3.666666667,1.333333333,67,30,33,1,3.666666667,1,59,5,56,0,34,2
284,Neut,Nat,5.033333333,3.666666667,1,70,5,40,0,3.666666667,1,60,0,30,0,25,1
285,Neg,Nat,5.766666667,3,1.666666667,25,71,0,0,3,1,77,0,35,0,35,2
286,Neut,Urb,3.766666667,2.666666667,2.333333333,54,19,69,16,3,2.666666667,77,17,66,21,26,2
287,Neg,Urb,4.233333333,3.333333333,1.333333333,0,25,0,0,3.333333333,1,0,0,0,0,28,2
288,Neut,Urb,5.866666667,3.666666667,1.333333333,80,0,71,0,4,1.333333333,83,0,80,0,41,1
289,Neg,Urb,6.466666667,1.666666667,1.666666667,5,68,10,10,1.666666667,1.666666667,1,68,9,0,31,1
290,Neut,Anim,5.333333333,3,1,61,20,61,19,4,1,79,0,61,0,37,2
291,Neg,Urb,6.8,2,2,0,100,9,0,3,1.333333333,9,0,43,0,34,2
292,Neg,Nat,4.7,2.666666667,1.333333333,18,19,3,50,3.666666667,1,29,10,31,13,43,2
293,Neut,Nat,5.2,3,3.333333333,48,51,36,35,3.666666667,3.333333333,61,38,33,83,28,1
294,Neg,Urb,5.733333333,1.666666667,2.333333333,40,28,0,0,2,1,29,0,9,0,54,2
295,Neut,Anim,4.066666667,2.333333333,1,25,0,0,0,3,1,23,0,0,0,55,1
296,Neut,Urb,4.733333333,3,1,79,1,68,1,3,1,69,3,54,1,31,2
297,Neut,Anim,7,4,1,90,5,90,5,4,1,99,0,100,0,28,1
298,Neg,Anim,7,3,1,15,49,78,0,3,1,83,0,43,0,47,2
299,Neut,Anim,6.9,3.333333333,1,81,4,91,1,4,1,93,0,90,0,65,2
300,Neg,Nat,6.466666667,1,3,0,100,0,10,2.666666667,1.333333333,60,30,50,0,41,2
301,Neut,Nat,4.8,4,1,91,0,80,0,2.666666667,1.333333333,70,0,70,0,42,2
302,Neut,Nat,5.8,2,1,50,0,9,18,3,1,79,0,59,0,49,2
303,Neut,Anim,6.266666667,3,1.666666667,60,29,73,12,3,1.666666667,61,4,77,9,33,2
304,Neut,Anim,3.433333333,3.333333333,1,60,0,19,0,3.333333333,1,60,0,21,0,33,1
305,Neg,Nat,5.866666667,1.666666667,2.333333333,10,83,10,39,3,1.666666667,61,9,60,9,35,1
306,Neg,Anim,5.533333333,3.333333333,1,61,17,75,0,4,1,92,1,91,0,40,1
307,Neg,Anim,6.866666667,2,2.666666667,0,100,0,0,3,1,80,0,60,0,36,2
308,Neg,Anim,5.033333333,3,1,52,57,4,2,3,1,72,2,27,1,37,2
309,Neg,Anim,4.7,2.333333333,2.333333333,51,53,55,63,3.333333333,3,47,45,58,58,27,1
310,Neut,Urb,6.566666667,2.333333333,2,56,57,73,54,3.333333333,1,85,12,71,18,35,2
311,Neut,Nat,6.833333333,4,1,32,0,15,0,2.333333333,1,51,0,46,0,30,1
312,Neg,Nat,5.233333333,3,1.333333333,75,14,75,14,3,1,74,16,75,30,40,1
313,Neut,Urb,4.133333333,3,1,50,0,60,0,2.333333333,1,50,0,19,0,48,2
314,Neg,Urb,4.566666667,2,2,29,69,48,58,3,1.333333333,49,51,51,49,41,2
315,Neut,Nat,5.8,4,1,62,0,84,0,4,1,100,0,100,0,61,1
316,Neut,Anim,5.2,3,1,86,0,44,0,4,1,100,0,70,0,55,2
317,Neut,Urb,3.833333333,3,2.666666667,57,39,57,40,2.333333333,2,51,38,50,50,24,2
318,Neut,Urb,5.666666667,2,1,71,0,5,0,3,1,63,0,35,0,31,1
319,Neut,Anim,4.7,2.666666667,1,60,0,70,0,3,1,70,0,70,0,28,2
320,Neut,Nat,6.4,3,1,49,0,8,0,3,1,79,0,32,0,30,2
321,Neut,Urb,5.733333333,3.333333333,1,40,0,88,0,3.666666667,1.333333333,58,17,73,24,22,1
322,Neg,Anim,6.566666667,2,3.666666667,0,100,0,26,2,2.666666667,30,37,13,19,59,2
323,Neg,Nat,6.333333333,2,3,0,8,29,0,3.666666667,1,81,5,81,0,53,1
324,Neut,Anim,6.566666667,3,1.333333333,58,10,8,0,2.333333333,1.666666667,39,0,0,6,43,2
325,Neg,Nat,6.133333333,3.666666667,1.666666667,29,91,11,12,4,1.333333333,80,2,63,0,38,2
326,Neut,Anim,7,4,1,100,0,50,0,4,1,100,0,91,0,34,2
327,Neut,Urb,5,3.333333333,1,44,2,42,1,3,1,42,1,33,1,30,1
328,Neut,Nat,5.3,3.666666667,1.666666667,61,13,61,0,3,1.666666667,68,9,71,4,50,2
329,Neut,Urb,3.466666667,2.333333333,1.666666667,50,18,33,0,2,1.333333333,50,15,32,0,23,2
330,Neg,Nat,5.166666667,4,1.666666667,100,2,50,0,4,1,100,1,70,0,62,2
331,Neg,Anim,7,1,2,20,60,20,30,3,1,50,1,29,1,32,2
332,Neg,Nat,5.366666667,3,1,0,50,0,0,4,1,100,0,61,0,60,2
333,Neg,Anim,7,1,4,0,100,0,100,3,2,100,9,27,8,48,2
334,Neg,Urb,4.666666667,2.333333333,1.333333333,9,75,5,0,2.666666667,1,50,1,9,1,36,2
335,Neg,Nat,3.9,1.666666667,3.666666667,0,100,0,10,3,1.333333333,16,11,22,0,37,2
336,Neg,Anim,5.366666667,1.666666667,3.333333333,0,100,0,0,3,2,73,18,43,0,26,1
337,Neut,Nat,6.3,4,1,100,0,100,0,4,1,100,0,100,0,32,1
338,Neg,Nat,3.333333333,1.333333333,2.333333333,0,100,0,0,2,1,19,14,9,0,50,2
339,Neg,Anim,6.633333333,2.666666667,1.333333333,81,49,100,0,3.333333333,1,100,0,100,0,52,2
340,Neg,Urb,5.033333333,1.333333333,3,15,80,8,12,1.333333333,2.333333333,8,64,30,6,29,1
341,Neut,Urb,6.866666667,3.666666667,1,70,0,90,0,4,1,79,0,90,0,30,2
342,Neg,Nat,7,1,4,8,99,9,80,3,2,60,19,91,19,48,2
343,Neut,Nat,6.033333333,2.333333333,1.333333333,60,0,100,0,2.333333333,1,61,0,50,0,44,2
344,Neg,Anim,5.8,2.333333333,2.666666667,83,78,78,75,2.666666667,2.333333333,72,64,78,66,,
345,Neut,Nat,4.5,2.666666667,2.333333333,55,55,56,48,2.666666667,2,44,52,53,42,,
346,Neg,Nat,3.733333333,2,2.666666667,48,32,40,43,2.333333333,2,53,48,50,44,,
347,Neg,Anim,5.133333333,2.333333333,1.333333333,11,77,11,10,2,1,43,29,10,10,25,2
348,Neut,Nat,6.866666667,3,1,57,0,41,1,2.666666667,1,50,0,60,0,22,2
349,Neut,Anim,7,4,1,100,0,65,0,4,1,100,0,70,0,37,2
350,Neut,Urb,5.6,4,1,100,0,100,0,4,1,100,0,100,0,37,1
351,Neut,Nat,6.333333333,4,1,70,0,90,0,4,1,80,0,87,0,29,1
352,Neg,Nat,5.966666667,1,2.333333333,0,65,0,5,2,1,9,24,14,0,28,2
353,Neg,Anim,5.266666667,1.333333333,2.333333333,40,68,59,50,1.666666667,2.333333333,29,60,29,50,65,1
354,Neut,Nat,6.9,4,1,100,2,100,9,4,1,100,1,100,1,30,2
355,Neut,Anim,4,2,2.333333333,52,58,46,34,2.333333333,2.666666667,52,37,58,60,,1
356,Neut,Anim,6.4,3.666666667,1,77,3,90,0,4,1,94,6,84,0,28,2
357,Neg,Anim,5.266666667,3.333333333,1,50,29,49,0,4,1,70,19,50,0,40,1
358,Neg,Urb,5.5,1.333333333,1.333333333,35,39,50,0,2.333333333,1,54,0,51,0,33,1
359,Neg,Anim,5.1,3,1.333333333,63,35,71,27,3,1.333333333,68,9,60,12,19,1
360,Neg,Urb,4.833333333,1.333333333,2,5,69,13,30,2,1,25,1,20,1,46,2
361,Neg,Anim,7,1,1.666666667,5,100,6,2,3.333333333,1.333333333,52,14,0,0,42,2
362,Neut,Urb,6.5,3,1,100,0,100,0,4,1,100,0,100,0,24,1
363,Neut,Anim,4.6,3,1,63,0,72,0,3.666666667,1,54,0,60,0,35,1
364,Neut,Urb,1.733333333,3,1,71,0,71,0,2,1.666666667,0,50,0,0,36,2
365,Neut,Nat,4.966666667,1.666666667,1.333333333,10,0,70,0,1.666666667,2,20,10,25,0,51,1
366,Neg,Urb,5.9,2,2.333333333,3,100,0,0,2.333333333,1,49,2,21,0,28,1
367,Neg,Anim,4.966666667,1.333333333,3.666666667,0,100,4,2,2,2.666666667,22,40,36,8,24,2
368,Neg,Urb,6.066666667,3,2,7,73,13,6,3,1.333333333,52,1,31,6,26,1
369,Neut,Anim,6.666666667,3,1,49,1,9,1,3.666666667,1,72,0,73,0,59,2
370,Neg,Anim,5.4,2.333333333,2,38,82,24,70,3.333333333,2,74,6,58,31,43,1
371,Neut,Nat,6.966666667,4,1,83,0,84,0,4,1,100,0,100,0,40,1
372,Neut,Anim,5.1,3.333333333,1.666666667,78,0,74,0,2.333333333,2.666666667,38,0,54,0,33,1
373,Neg,Nat,5.233333333,3.333333333,1.666666667,60,20,50,10,4,1,70,0,34,0,30,1
374,Neut,Nat,4.633333333,3,1,50,0,39,0,3,1,50,0,50,0,31,2
375,Neg,Nat,3.466666667,1,4,1,100,1,40,1,3,0,91,1,0,64,2
376,Neut,Nat,6.433333333,2.333333333,1,0,0,44,0,4,1,100,0,100,0,34,2
377,Neut,Anim,6.766666667,2.666666667,1.666666667,29,0,40,0,3,1.333333333,30,0,40,0,55,2
378,Neg,Nat,3.766666667,1.666666667,1.333333333,5,20,0,0,2,1,9,0,0,0,41,1
379,Neg,Nat,6.366666667,2,2,0,20,0,0,4,1,70,0,30,0,29,1
380,Neut,Nat,5.166666667,2.666666667,1.666666667,47,0,68,0,3.333333333,1.333333333,50,0,71,0,52,1
381,Neut,Nat,7,3,1,83,0,51,0,4,1,100,0,100,0,49,1
382,Neg,Urb,5.666666667,3.666666667,3.666666667,5,86,12,7,2.666666667,3.333333333,65,64,51,45,34,2
383,Neut,Anim,5.666666667,2.666666667,1,9,0,9,0,2.666666667,1,39,0,20,0,28,2
384,Neg,Anim,6.133333333,2.333333333,1,3,71,30,16,3,1,62,0,15,0,25,2
385,Neut,Anim,6.6,4,1,91,0,81,0,4,1,98,0,96,0,47,2
386,Neg,Nat,7,3,1.333333333,0,0,0,0,3,1,5,0,20,0,34,2
387,Neut,Nat,6.866666667,2.333333333,1,10,0,0,0,3.333333333,1,30,0,10,0,22,2
388,Neg,Urb,4.833333333,1.666666667,2,21,39,45,18,3.333333333,1,25,9,64,2,30,2
389,Neut,Nat,6.066666667,3,1,81,0,71,0,3,1,80,0,81,0,34,2
390,Neut,Nat,5.366666667,2.333333333,1,3,0,8,0,2,1.666666667,6,0,0,39,29,1
391,Neut,Nat,6.6,3.666666667,1,71,9,51,0,4,1,60,0,61,0,62,2
392,Neg,Nat,6.533333333,2.333333333,1,10,37,3,3,2.333333333,1,14,0,3,0,58,2
393,Neut,Urb,4.5,4,1.333333333,54,0,44,0,3.666666667,1.333333333,64,0,40,0,32,2
394,Neut,Nat,6.133333333,3,1,39,1,23,1,4,1,69,0,75,0,45,1
395,Neut,Anim,6.133333333,2.666666667,1,10,0,0,0,3.666666667,1,75,0,0,0,37,2
396,Neg,Nat,5.466666667,3.333333333,1,49,72,58,2,3.333333333,1,84,8,70,3,26,2
397,Neg,Anim,6.733333333,3,1.333333333,0,77,0,0,3,1,82,0,65,0,39,2
398,Neg,Urb,4.5,1.666666667,3,9,90,0,0,2.333333333,1.333333333,16,40,30,0,38,2
399,Neg,Anim,6.6,2.333333333,3.666666667,3,83,30,7,2.333333333,1.666666667,88,13,43,0,24,1
400,Neg,Urb,4.366666667,2.666666667,1.333333333,50,10,0,0,3.333333333,1,51,0,7,0,42,2
401,Neg,Nat,6.566666667,2.666666667,1.666666667,9,80,30,19,2.666666667,2,40,19,30,1,29,2
402,Neut,Urb,4.666666667,3,1.333333333,75,10,40,0,3,1.333333333,80,0,41,0,48,2
403,Neut,Nat,5.066666667,3.333333333,1.333333333,70,0,50,0,3,1.333333333,77,0,62,0,46,2
404,Neut,Urb,4.133333333,3,1,71,2,50,0,3.333333333,1,84,0,74,0,33,2
405,Neut,Urb,6.9,3,1,18,0,20,0,3,1,70,1,50,0,43,2
406,Neg,Urb,7,2,3.333333333,0,98,2,79,3,1.666666667,90,13,76,5,39,2
407,Neut,Nat,6.6,4,1,100,1,94,0,4,1,100,1,100,0,55,2
408,Neg,Urb,6.866666667,3,1,8,82,23,6,4,2,79,6,90,4,22,2
409,Neg,Anim,5.666666667,2,3,38,50,41,31,2.666666667,2.333333333,60,45,45,45,23,2
410,Neut,Anim,7,3.333333333,1,82,78,83,73,4,1,99,5,99,3,68,1
411,Neut,Anim,5.1,3,1,64,0,51,0,3,1,65,0,43,0,62,1
412,Neut,Anim,7,4,1,40,0,0,0,4,1,90,0,0,0,47,2
413,Neg,Urb,4.9,1.666666667,3,0,100,10,10,3,1,81,0,91,0,49,1
414,Neut,Anim,5.566666667,2.666666667,1,0,0,0,0,2.666666667,1,0,0,0,0,38,1
415,Neut,Nat,4.4,2,2.666666667,26,17,53,41,2,2,19,26,10,44,28,1
416,Neg,Anim,6.766666667,2.666666667,2.333333333,27,44,26,25,4,1,98,0,81,0,21,1
417,Neg,Nat,4.466666667,2,2.333333333,28,71,0,0,1.333333333,1,0,0,0,0,43,1
418,Neg,Urb,4.8,1.666666667,1.666666667,0,31,0,0,1.666666667,1,0,0,0,0,25,2
419,Neut,Anim,6.9,4,1,100,0,100,0,4,1,100,1,100,0,31,2
420,Neut,Nat,5.433333333,3,2.333333333,80,9,50,0,2.333333333,2,70,30,60,0,33,2
421,Neg,Nat,5.566666667,1,3.333333333,0,91,0,9,1.666666667,1.666666667,50,21,0,0,30,1
422,Neut,Urb,3.733333333,2.333333333,1,0,0,0,0,3,1,30,0,0,0,22,2
423,Neut,Anim,6.3,3,1.333333333,86,54,89,21,2.333333333,1.666666667,77,19,81,43,31,1
424,Neut,Anim,7,4,1,87,0,47,0,4,1,100,0,40,0,30,1
425,Neut,Nat,5.133333333,3.666666667,1,75,0,85,0,4,1,81,0,100,0,27,1
426,Neg,Nat,5.866666667,1,3,0,100,0,91,1,2,0,68,12,30,27,2
427,Neg,Nat,5.9,3,1.666666667,0,81,0,9,3,1.333333333,30,19,10,0,65,1
428,Neg,Nat,5,2.666666667,1,4,66,8,0,3.333333333,1,46,13,36,5,22,1
429,Neg,Nat,6.733333333,3,1.333333333,20,90,90,0,3.666666667,1,91,0,90,0,33,2
430,Neut,Urb,5.6,3,1,55,0,65,0,3,1,70,0,60,0,45,2
431,Neut,Nat,5.533333333,3,1,49,7,49,0,3.666666667,1,72,0,51,80,33,1
432,Neg,Urb,4.433333333,2,3,0,99,89,20,4,1,50,51,51,49,57,2
433,Neut,Urb,4.833333333,3.666666667,1,85,0,60,0,3.333333333,1,85,0,77,0,39,2
434,Neut,Anim,7,4,1,100,0,100,0,4,1,100,0,100,0,42,2
435,Neg,Anim,5.766666667,2,1.666666667,0,100,9,70,3.666666667,1,50,0,9,0,55,2
436,Neut,Anim,6.433333333,2.666666667,1,38,0,0,0,3,1,46,0,51,0,34,2
437,Neut,Anim,6.2,3,1,70,10,90,0,3.666666667,1,86,9,100,0,28,1
438,Neut,Nat,5.4,2.666666667,2.333333333,89,60,85,78,3,2.666666667,71,71,85,63,25,1
439,Neut,Urb,5.4,2.666666667,1,58,0,71,0,2,1,52,0,41,0,34,1
440,Neut,Urb,3.533333333,3.666666667,1,88,0,69,0,4,1,84,0,64,0,39,1
441,Neg,Urb,5.433333333,2,2.333333333,19,74,70,32,3.666666667,1.333333333,62,10,52,17,30,2
442,Neut,Urb,6.366666667,3,1,91,0,80,0,3,1,90,0,80,0,49,1
443,Neg,Nat,4.8,1,3,14,75,13,74,3,1,76,18,74,20,29,1
444,Neg,Urb,6.333333333,1,3.333333333,0,90,0,16,3,1,50,34,39,0,33,2
445,Neg,Urb,4.666666667,3,2.333333333,53,30,53,29,3.333333333,1.333333333,68,23,61,22,33,2
446,Neg,Anim,5.1,3.333333333,1.333333333,0,90,0,0,4,1,90,0,0,0,27,1
447,Neg,Urb,5.666666667,1,3.333333333,0,100,0,0,2.333333333,1,40,0,50,0,28,1
448,Neut,Nat,4.9,2,1,32,0,17,0,2,1,22,0,12,0,32,1
449,Neg,Urb,6.166666667,2,3,5,80,9,30,3.333333333,2,64,41,52,0,59,1
450,Neg,Anim,4.633333333,1.333333333,3.333333333,0,90,9,0,2.666666667,2,50,10,64,6,23,1
451,Neg,Nat,5.9,4,1,93,12,0,13,4,1,91,0,17,0,37,2
452,Neut,Nat,3.933333333,3,1,50,0,20,0,3,1,50,0,19,0,23,2
453,Neg,Anim,6.6,1.333333333,3,2,100,1,23,4,1,100,3,100,2,56,2
454,Neut,Nat,6.333333333,4,1,90,0,69,0,4,1,99,0,70,0,36,2
455,Neut,Anim,6.4,3,2.666666667,80,39,75,20,3,1,88,0,81,0,22,1
456,Neut,Anim,6.366666667,2.666666667,1.666666667,81,19,67,0,2.666666667,1.333333333,50,0,70,0,35,2
457,Neg,Anim,3.5,2,2.333333333,8,90,50,0,2,2.666666667,0,49,50,9,45,2
458,Neut,Urb,6.1,3.333333333,1,90,0,84,0,3.666666667,1,95,0,81,0,39,1
459,Neg,Anim,6.766666667,1.333333333,4,5,98,70,80,2.333333333,2,50,19,63,23,30,1
460,Neg,Anim,5.933333333,3,1.666666667,66,59,13,21,3.666666667,1.333333333,78,18,48,0,28,2
461,Neg,Nat,6.1,3.666666667,3,82,74,62,83,2,3,68,85,89,79,28,1
462,Neg,Nat,5.8,3.333333333,2.333333333,86,33,64,26,3.333333333,2.666666667,85,43,75,56,44,2
463,Neg,Urb,6.9,1.333333333,4,3,100,100,4,4,1,99,4,96,5,34,2
464,Neg,Anim,5.9,2,1.333333333,9,50,6,0,3,1,28,0,30,0,33,2
465,Neut,Anim,6.966666667,2.333333333,1,70,0,79,0,3.333333333,1,86,0,74,0,25,2
466,Neg,Urb,4.966666667,1.333333333,1.666666667,24,81,70,37,1.666666667,1.333333333,66,14,80,23,39,1
467,Neut,Nat,4.666666667,3.333333333,1,72,0,53,0,3,1.333333333,68,10,47,0,31,2
468,Neg,Urb,5.566666667,2.333333333,1,75,23,46,46,3,1,67,9,45,0,29,1
469,Neg,Anim,7,2,3,2,99,2,2,4,1,86,6,81,2,56,2
470,Neut,Urb,5.2,4,1,82,3,95,0,4,1,95,2,89,1,23,2
471,Neut,Nat,5.2,3,1,52,5,33,1,3,1,73,3,23,1,33,2
472,Neut,Urb,6.266666667,3,1,80,0,90,0,3.666666667,1,80,0,91,0,52,2
473,Neut,Urb,5.3,4,1,75,0,100,0,4,1,100,0,76,0,31,1
474,Neut,Urb,6.033333333,3.333333333,1,74,0,58,0,4,1,84,0,69,0,23,2
475,Neut,Urb,5,3.333333333,1.666666667,39,0,75,0,3,1.666666667,50,0,60,1,48,1
476,Neut,Urb,5.066666667,4,1,90,1,80,1,4,1,95,0,92,0,53,2
477,Neut,Urb,6,2,1,62,13,50,3,2.333333333,1.666666667,85,7,85,0,40,2
478,Neg,Anim,6.366666667,1,3,0,90,0,9,4,1,90,0,80,0,29,2
479,Neut,Urb,3.833333333,4,1,93,9,76,0,3.666666667,1.333333333,98,23,9,6,31,2
480,Neg,Urb,5.933333333,3,1,51,31,61,6,3,1,76,3,65,3,61,2
481,Neut,Anim,4.933333333,3,1,40,0,87,0,1,3,0,0,0,89,52,1
482,Neut,Urb,4.8,2,1,29,0,18,0,3,1,49,0,49,0,68,2
483,Neut,Nat,6.3,3.666666667,1,81,0,29,0,4,1,81,0,81,0,40,2
484,Neut,Nat,5.733333333,4,1,81,2,81,2,4,1,99,0,100,0,30,1
485,Neg,Urb,4.233333333,2.666666667,1.666666667,16,62,42,33,3,1.333333333,83,5,71,20,34,2
486,Neg,Urb,5.3,3,1.333333333,57,13,51,0,4,1,78,0,67,0,36,2
487,Neg,Nat,5.866666667,2.666666667,3.333333333,47,61,70,20,3,3,67,39,67,21,28,1
488,Neg,Urb,4.633333333,3,1,0,22,0,0,3,1,80,0,30,0,29,2
489,Neg,Anim,6.4,2,2.666666667,20,100,21,50,3,1,92,1,44,0,42,2
490,Neut,Urb,5.633333333,3,1,42,2,60,3,3,1,44,4,37,0,28,1
491,Neut,Urb,5.433333333,2,1,4,0,14,0,3,1,50,0,19,0,39,1
492,Neut,Nat,5.866666667,4,1,70,0,20,0,4,1,100,0,90,0,38,1
493,Neut,Anim,5.3,3.666666667,1,50,6,37,8,2,1,35,4,53,3,34,1
494,Neut,Anim,4.4,3,1.333333333,2,88,0,0,3,1.333333333,0,85,0,0,19,2
495,Neut,Urb,5.233333333,2,2,67,35,56,16,2.666666667,1.333333333,43,22,56,9,23,1
496,Neg,Urb,5.566666667,2,3,25,84,64,18,3,1.333333333,72,40,82,11,39,1
497,Neut,Nat,6.4,3,1.666666667,70,0,50,0,3,1.666666667,71,0,49,0,39,2
498,Neg,Urb,5.466666667,4,1,27,0,27,0,4,1,89,0,55,1,37,2
499,Neut,Anim,4.4,1,1,6,3,2,5,3,1,41,0,42,0,27,2
500,Neg,Urb,5.933333333,1,3.333333333,10,90,0,59,1,3,2,30,21,0,21,2
501,Neg,Nat,4.1,3,1.333333333,30,69,39,4,3.333333333,1,75,8,67,2,50,2
502,Neg,Anim,4.833333333,3.333333333,1.666666667,0,91,0,0,2.666666667,1,60,0,0,0,27,2
503,Neg,Urb,5.366666667,2,3,7,75,13,28,3,2,39,21,57,28,54,1
504,Neg,Anim,7,2,3,10,100,20,70,3,1.666666667,80,20,19,0,36,1
505,Neg,Nat,6.833333333,1.333333333,3,9,95,80,1,3.333333333,1,93,1,89,5,32,2
506,Neut,Urb,5.666666667,4,1.333333333,48,0,40,0,4,1,90,0,79,0,27,2
507,Neg,Urb,3.7,1.333333333,3,33,98,67,22,2,2.333333333,70,20,81,9,39,2
508,Neut,Nat,5.333333333,3.333333333,1,93,0,99,0,3.333333333,1,99,12,96,0,20,2
509,Neg,Nat,5.933333333,2,2.333333333,51,72,48,24,3,1,77,13,72,16,23,1
510,Neg,Anim,6.266666667,1,3,1,98,3,23,4,1,96,0,77,2,54,2
511,Neut,Urb,3.233333333,3,1,50,0,21,0,3,1,50,0,20,0,57,2
512,Neg,Nat,5.8,2.666666667,2.333333333,76,41,62,77,3,1,49,0,44,0,31,1
513,Neut,Anim,5.666666667,3,1,9,0,50,0,4,1,50,0,70,0,39,2
514,Neut,Anim,4.6,3,1.333333333,71,2,70,7,3,1,70,0,70,0,42,1
515,Neut,Urb,5.633333333,1.333333333,4,27,27,56,18,1,3,8,76,21,41,33,2
516,Neut,Urb,5.066666667,1,1,0,0,0,0,1,1,0,0,0,0,26,2
517,Neg,Nat,6.366666667,2.333333333,2.333333333,0,100,50,0,4,1,100,0,100,0,36,1
518,Neg,Urb,5.066666667,1,1.666666667,0,68,90,0,2,1,16,8,25,1,41,1
519,Neg,Nat,5.3,2,3.666666667,0,100,0,0,3,2,0,50,39,0,24,2
520,Neg,Nat,6.833333333,2,3,20,53,21,13,2,1.666666667,34,19,64,4,48,1
521,Neut,Urb,3.966666667,4,1.333333333,70,19,0,10,4,1,80,0,19,0,55,1
522,Neut,Anim,6.866666667,3.333333333,1.333333333,86,9,91,1,4,1,99,2,90,2,42,2
523,Neut,Nat,5.333333333,3.666666667,1,43,5,8,5,3.666666667,1,63,4,55,5,31,1
524,Neg,Anim,6.3,2,3.333333333,5,100,71,16,3,2,96,13,24,2,25,2
525,Neut,Nat,7,4,1,100,0,0,0,4,1,100,0,9,0,33,2
526,Neg,Nat,5,2.333333333,3,62,62,67,69,2.666666667,2.666666667,71,62,68,80,25,1
527,Neg,Anim,6.9,1.333333333,1.666666667,0,67,0,0,3.666666667,1,100,0,57,0,29,1
528,Neut,Anim,6.733333333,3,1,71,0,70,0,3,1,84,0,50,0,38,1
529,Neut,Urb,3.8,3,1,63,1,63,1,2.333333333,1,49,10,29,0,43,2
530,Neg,Anim,3.933333333,3,2.333333333,72,38,49,47,3.333333333,2,76,21,67,33,34,1
531,Neg,Urb,4.666666667,2,2,22,62,48,7,3,1.666666667,49,26,75,0,24,1
532,Neut,Urb,6.5,3,1,60,0,75,0,3,1,71,0,70,0,54,2
533,Neut,Nat,6.2,4,1,100,0,90,0,4,1,100,0,100,0,37,1
534,Neg,Urb,4.366666667,3.333333333,2.333333333,0,81,50,82,4,1,50,49,50,51,35,2
535,Neg,Nat,5.766666667,1,3,0,100,70,0,3,1,69,0,90,0,35,2
536,Neut,Anim,5.4,3.333333333,1,79,4,87,2,3.333333333,1,82,2,76,0,41,1
537,Neg,Nat,6,2.333333333,1.333333333,51,11,5,8,2.333333333,2,100,0,100,0,19,1
538,Neg,Urb,7,1,3,0,100,0,0,3,1,35,0,100,0,30,1
539,Neg,Anim,6.4,2,1,8,98,23,13,4,1,89,1,90,0,26,1
540,Neg,Urb,5.5,2,3,30,88,71,9,2.666666667,1.333333333,68,29,81,28,44,2
541,Neg,Nat,5.466666667,2,2.666666667,10,97,1,0,3.666666667,1,69,18,86,1,65,2
542,Neg,Anim,5.7,2.666666667,1.333333333,28,52,38,21,2.666666667,1,20,0,30,0,45,2
543,Neut,Nat,6.433333333,3.666666667,1,50,0,50,0,3,1,59,0,64,0,36,2
544,Neg,Anim,7,1.333333333,2.666666667,0,87,0,18,3,1.666666667,100,19,36,9,28,2
545,Neut,Nat,5.533333333,3,1.333333333,66,38,73,4,4,1.333333333,69,30,82,0,41,1
546,Neut,Anim,5.333333333,3,1,49,0,50,0,4,1,92,0,85,0,27,2
547,Neg,Urb,4.933333333,1.666666667,2.666666667,0,95,0,9,2,2.333333333,28,50,30,0,61,2
548,Neut,Urb,5.2,4,1,100,0,93,0,4,1,100,0,95,0,0.67,1
549,Neut,Anim,5.133333333,3,1,60,0,30,0,2.333333333,1.666666667,60,0,40,0,38,2
550,Neut,Urb,5.1,4,1,84,10,80,9,4,2,95,6,93,4,29,1
551,Neut,Nat,5.7,3,1,69,0,90,0,4,1,100,0,100,0,32,1
552,Neg,Nat,4.433333333,1,2.666666667,10,42,13,10,2,2.666666667,16,33,11,2,31,1
553,Neut,Urb,5.166666667,4,1,91,3,68,4,3,1,69,30,88,0,29,1
554,Neut,Urb,5.233333333,2.666666667,1.666666667,28,10,11,3,3,1.666666667,21,12,8,2,28,1
555,Neg,Nat,5.733333333,2.333333333,2.666666667,26,79,70,53,2.666666667,1.666666667,60,73,58,54,28,1
556,Neut,Anim,6.166666667,3.666666667,1.333333333,80,10,50,5,4,1.666666667,100,0,50,0,29,1
557,Neut,Nat,6.066666667,2.666666667,1.666666667,60,20,90,20,4,1,91,0,100,0,51,1
558,Neg,Urb,6.633333333,2,2,2,100,2,4,2,1.666666667,19,0,9,0,37,2
559,Neut,Anim,5.466666667,3,1,76,0,75,0,3,1,84,0,87,0,25,1
560,Neg,Anim,6.333333333,2.333333333,1.333333333,12,71,23,13,3.333333333,1,100,9,85,1,52,2
561,Neut,Nat,6.433333333,3.333333333,1,49,0,47,0,3.666666667,1,44,0,43,0,23,1
562,Neg,Anim,5.666666667,3,1,30,81,50,0,3.333333333,1,81,9,59,0,43,2
563,Neut,Anim,6.866666667,3,1,42,51,55,54,3,1,87,7,81,6,29,1
564,Neut,Anim,5.2,3.333333333,1,80,1,50,0,3,1,70,1,59,1,29,1
565,Neg,Anim,5.9,1.333333333,3,0,100,71,0,2.333333333,2,80,20,0,0,49,2
566,Neg,Urb,5,2.333333333,2.666666667,1,40,3,5,3,1.333333333,42,1,29,1,23,1
567,Neut,Urb,5.033333333,3.333333333,1,70,0,40,0,4,1,70,0,80,0,44,2
568,Neg,Nat,5.7,2,2.333333333,0,62,0,0,2.666666667,1,49,20,0,0,40,2
569,Neut,Nat,7,2.333333333,1,84,0,82,0,3,1,100,0,100,0,29,1
570,Neg,Anim,5.766666667,3.333333333,1.666666667,44,87,28,1,4,1.333333333,79,0,53,0,36,1
571,Neg,Nat,5.9,1.666666667,1.666666667,35,70,39,33,2,1.333333333,54,44,44,16,39,1
572,Neut,Nat,6.4,3.666666667,1,83,2,78,1,4,1,93,0,91,2,39,1
573,Neut,Urb,4.5,1.333333333,1,40,9,29,0,2,1,20,0,39,0,32,1
574,Neut,Nat,5.133333333,1.333333333,1.333333333,1,1,2,0,2.333333333,1,12,3,12,0,32,1
575,Neg,Urb,5.966666667,2.666666667,2,29,71,30,0,4,1,60,7,63,0,42,2
576,Neut,Nat,4.1,4,1,0,0,0,0,4,1,0,0,0,0,24,1
577,Neg,Nat,5.833333333,3.666666667,1.333333333,1,39,41,2,4,1.333333333,59,13,66,1,49,1
578,Neg,Anim,4.566666667,2.666666667,1.333333333,8,20,10,17,2.333333333,1.333333333,29,24,32,28,30,2
579,Neg,Anim,7,2.666666667,1,50,39,39,0,3.666666667,1,100,0,100,0,30,1
580,Neut,Anim,6.866666667,1.333333333,3.666666667,38,63,54,69,2,2,78,28,81,20,31,2
581,Neg,Nat,4,2,2,53,31,52,77,2.666666667,2.333333333,48,50,64,59,35,1
582,Neut,Anim,5.966666667,4,1,86,0,51,0,4,1,88,0,51,0,42,1
583,Neut,Nat,5.133333333,1.666666667,1.666666667,10,65,25,0,2,1.666666667,19,40,18,0,46,1
584,Neg,Urb,5,2.333333333,1.666666667,29,40,19,19,3,1.333333333,29,10,19,10,29,2
585,Neut,Urb,2.9,2.666666667,1,0,0,0,0,3,1,6,0,1,0,44,2
586,Neut,Anim,6.1,3,1,85,0,27,0,3.333333333,1,91,0,63,4,27,2
587,Neut,Nat,5.2,3.333333333,1,49,49,50,49,4,1,91,0,100,0,47,2
588,Neg,Nat,6.066666667,2,2,2,100,6,2,1,2.666666667,2,94,4,5,44,1
589,Neg,Urb,5.833333333,2,2,50,100,50,75,2,2,49,29,30,0,33,2
590,Neut,Urb,4.133333333,2.333333333,1,90,0,70,0,3.333333333,1,91,0,80,0,31,2
591,Neg,Nat,4.733333333,1.666666667,1.666666667,9,75,30,9,3,1,61,21,37,6,24,1
592,Neg,Urb,6.9,2,2.333333333,35,60,40,10,2,2,40,50,40,10,28,1
593,Neut,Anim,5.766666667,3.666666667,1.333333333,81,0,20,0,3.666666667,1.333333333,60,0,55,0,50,2
594,Neg,Anim,5.5,3.333333333,1,90,9,60,0,4,1,100,0,65,0,39,2
595,Neut,Nat,6.5,4,1,100,0,87,0,4,1,100,0,91,0,54,2
596,Neg,Anim,4.366666667,3.333333333,1.333333333,0,89,2,10,3.666666667,1,36,0,9,0,34,2
597,Neg,Nat,6.5,3.666666667,1,31,51,32,1,4,1,98,1,49,0,56,2
598,Neut,Nat,5.5,4,1,100,0,0,0,4,1,100,0,0,0,23,1
599,Neut,Anim,6.266666667,3.333333333,1,60,0,80,0,4,1,91,0,39,0,32,2
600,Neg,Anim,6.8,2,3.333333333,23,80,34,60,2.333333333,2,55,45,81,17,26,2
601,Neut,Urb,4.933333333,3,1,62,0,70,0,3,1,69,0,70,0,38,2
602,Neut,Nat,5.433333333,3,1,80,3,71,10,3.333333333,2,82,9,79,9,31,1
